{
  "total_return": -0.00018901399999996646,
  "annual_return": -0.04651923775393896,
  "max_drawdown": 0.0,
  "sharpe_ratio": 0.0,
  "win_rate": 0,
  "total_trades": 0,
  "avg_hold_days": 0,
  "profit_factor": 0
}