{
  "total_return": -0.3157748639999994,
  "annual_return": -0.5583847593954032,
  "max_drawdown": 0.6410795418583938,
  "sharpe_ratio": 3.940355806279441,
  "win_rate": 0.46335078534031415,
  "total_trades": 382,
  "avg_hold_days": 3.4083769633507854,
  "profit_factor": 1.296609036508607
}