{
  "total_return": 0.3982398109999995,
  "annual_return": 1.0585456655419265,
  "max_drawdown": 0.6138383229880119,
  "sharpe_ratio": 3.9136901567828173,
  "win_rate": 0.516042780748663,
  "total_trades": 374,
  "avg_hold_days": 2.3663101604278074,
  "profit_factor": 1.2426369759352454
}