{
  "total_return": -0.21961644099999988,
  "annual_return": -0.4137967263258756,
  "max_drawdown": 0.5735681716562957,
  "sharpe_ratio": 3.276915460549625,
  "win_rate": 0.521978021978022,
  "total_trades": 364,
  "avg_hold_days": 2.32967032967033,
  "profit_factor": 1.2809801001907306
}