{
  "total_return": 0.3123626350000014,
  "annual_return": 0.7958491172506723,
  "max_drawdown": 0.6395714339696845,
  "sharpe_ratio": 4.323109527772504,
  "win_rate": 0.4595744680851064,
  "total_trades": 470,
  "avg_hold_days": 3.265957446808511,
  "profit_factor": 1.2210630163500866
}