{
  "total_return": -0.24062028200000035,
  "annual_return": -0.44725214870242547,
  "max_drawdown": 0.6776615001492785,
  "sharpe_ratio": 2.3959830597572638,
  "win_rate": 0.37254901960784315,
  "total_trades": 153,
  "avg_hold_days": 3.843137254901961,
  "profit_factor": 0.9335817869540421
}