{
  "total_return": -0.08290967599999952,
  "annual_return": -0.170069986666201,
  "max_drawdown": 0.5980753668420582,
  "sharpe_ratio": 3.6690424786415208,
  "win_rate": 0.5258620689655172,
  "total_trades": 348,
  "avg_hold_days": 2.5057471264367814,
  "profit_factor": 1.4048268334456424
}