{
  "total_return": 0.2064943540000003,
  "annual_return": 0.49827985640157424,
  "max_drawdown": 0.6565549000908806,
  "sharpe_ratio": 4.462511327963956,
  "win_rate": 0.460446247464503,
  "total_trades": 493,
  "avg_hold_days": 3.154158215010142,
  "profit_factor": 1.1532117661563808
}