{
  "total_return": -0.4249042450000001,
  "annual_return": -0.6962493109295975,
  "max_drawdown": 0.6752071877479076,
  "sharpe_ratio": 3.954118075581732,
  "win_rate": 0.4684873949579832,
  "total_trades": 476,
  "avg_hold_days": 3.1995798319327733,
  "profit_factor": 1.1994597384637484
}