{
  "total_return": -0.0005170430000000633,
  "annual_return": -0.12219300382158416,
  "max_drawdown": 0.0,
  "sharpe_ratio": 0.0,
  "win_rate": 0,
  "total_trades": 0,
  "avg_hold_days": 0,
  "profit_factor": 0
}