{
  "total_return": -0.026415476999999955,
  "annual_return": -0.05602899401576189,
  "max_drawdown": 0.07646606315196712,
  "sharpe_ratio": -0.3875015601924402,
  "win_rate": 0.3881578947368421,
  "total_trades": 152,
  "avg_hold_days": 6.269736842105263,
  "profit_factor": 0.9156481208739797
}