{
  "total_return": 0.5884503449999993,
  "annual_return": 1.7093574667483176,
  "max_drawdown": 0.6000651933246137,
  "sharpe_ratio": 0.1971542484063332,
  "win_rate": 0.5252225519287834,
  "total_trades": 337,
  "avg_hold_days": 2.6765578635014835,
  "profit_factor": 1.3435707779381796
}