{
  "v42": {
    "total_return": 0.011072219696066022,
    "sharpe_ratio": 0.6844090755882836,
    "max_drawdown": 0.022449674576827807,
    "total_trades": 6,
    "win_rate": 0.6666666666666666,
    "error": null
  },
  "v43": {
    "total_return": 0.1461775752105008,
    "sharpe_ratio": 1.6926263139798121,
    "max_drawdown": 0.18841679350234883,
    "total_trades": 183,
    "win_rate": 0.45555555555555555,
    "error": null
  },
  "timestamp": "20260319_142456"
}