{
  "v42": {
    "total_return": 0.011072219696066022,
    "sharpe_ratio": 0.6844090755882836,
    "max_drawdown": 0.022449674576827807,
    "total_trades": 6,
    "win_rate": 0.6666666666666666,
    "error": null
  },
  "v43": {
    "total_return": -0.013298356301699095,
    "sharpe_ratio": -0.13455016916590096,
    "max_drawdown": 0.06883068764569213,
    "total_trades": 81,
    "win_rate": 0.5128205128205128,
    "error": null
  },
  "timestamp": "20260319_144447"
}