{
  "v42": {
    "total_return": 0.011072219696066022,
    "sharpe_ratio": 0.6844090755882836,
    "max_drawdown": 0.022449674576827807,
    "total_trades": 6,
    "win_rate": 0.6666666666666666,
    "error": null
  },
  "v43": {
    "total_return": 0.028389258926800685,
    "sharpe_ratio": 0.3010890659204609,
    "max_drawdown": 0.13389922741249674,
    "total_trades": 130,
    "win_rate": 0.4262295081967213,
    "error": null
  },
  "timestamp": "20260319_143918"
}