{
  "v42": {
    "total_return": 0.011072219696066022,
    "sharpe_ratio": 0.6844090755882836,
    "max_drawdown": 0.022449674576827807,
    "total_trades": 6,
    "win_rate": 0.6666666666666666,
    "error": null
  },
  "v43": {
    "total_return": 0.024572401129600477,
    "sharpe_ratio": 0.6043135333845385,
    "max_drawdown": 0.06463050920178501,
    "total_trades": 128,
    "win_rate": 0.43548387096774194,
    "error": null
  },
  "timestamp": "20260319_143115"
}