{
  "v42": {
    "total_return": 0.011072219696066022,
    "sharpe_ratio": 0.6844090755882836,
    "max_drawdown": 0.022449674576827807,
    "total_trades": 6,
    "win_rate": 0.6666666666666666,
    "error": null
  },
  "v43": {
    "total_return": 0.03335740603459984,
    "sharpe_ratio": 0.5477792566881772,
    "max_drawdown": 0.1029567465935076,
    "total_trades": 56,
    "win_rate": 0.2962962962962963,
    "error": null
  },
  "timestamp": "20260319_150425"
}