{
  "v42": {
    "total_return": 0.011072219696066022,
    "sharpe_ratio": 0.6844090755882836,
    "max_drawdown": 0.022449674576827807,
    "total_trades": 6,
    "win_rate": 0.6666666666666666,
    "error": null
  },
  "v43": {
    "total_return": 0.0781160352972013,
    "sharpe_ratio": 0.9401761846563135,
    "max_drawdown": 0.14902089614546588,
    "total_trades": 124,
    "win_rate": 0.5084745762711864,
    "error": null
  },
  "timestamp": "20260319_151114"
}