{
  "v42": {
    "total_return": 0.011072219696066022,
    "sharpe_ratio": 0.6844090755882836,
    "max_drawdown": 0.022449674576827807,
    "total_trades": 6,
    "win_rate": 0.6666666666666666,
    "error": null
  },
  "v43": {
    "total_return": 0.010107578405000095,
    "sharpe_ratio": 0.5199592035918708,
    "max_drawdown": 0.015304209770143554,
    "total_trades": 5,
    "win_rate": 0.5,
    "error": null
  },
  "timestamp": "20260319_150833"
}