{
  "v42": {
    "total_return": 0.011072219696066022,
    "sharpe_ratio": 0.6844090755882836,
    "max_drawdown": 0.022449674576827807,
    "total_trades": 6,
    "win_rate": 0.6666666666666666,
    "error": null
  },
  "v43": {
    "total_return": 0.03327526247409987,
    "sharpe_ratio": 0.5464820917595453,
    "max_drawdown": 0.1029567465935076,
    "total_trades": 56,
    "win_rate": 0.2857142857142857,
    "error": null
  },
  "timestamp": "20260319_151547"
}