{
  "v42": {
    "total_return": 0.011072219696066022,
    "sharpe_ratio": 0.6844090755882836,
    "max_drawdown": 0.022449674576827807,
    "total_trades": 6,
    "win_rate": 0.6666666666666666,
    "error": null
  },
  "v43": {
    "total_return": 0.15829748569140006,
    "sharpe_ratio": 1.7705077538270653,
    "max_drawdown": 0.18571422546871555,
    "total_trades": 83,
    "win_rate": 0.4878048780487805,
    "error": null
  },
  "timestamp": "20260319_151910"
}