{
  "v42": {
    "total_return": 0.011072219696066022,
    "sharpe_ratio": 0.6844090755882836,
    "max_drawdown": 0.022449674576827807,
    "total_trades": 6,
    "win_rate": 0.6666666666666666,
    "error": null
  },
  "v43": {
    "total_return": 0.03409252660570026,
    "sharpe_ratio": 0.6208847275515651,
    "max_drawdown": 0.07041056977861958,
    "total_trades": 215,
    "win_rate": 0.4380952380952381,
    "error": null
  },
  "timestamp": "20260319_142851"
}