{
  "v42": {
    "total_return": 0.011072219696066022,
    "sharpe_ratio": 0.6844090755882836,
    "max_drawdown": 0.022449674576827807,
    "total_trades": 6,
    "win_rate": 0.6666666666666666,
    "error": null
  },
  "v43": {
    "total_return": 0.029463623106900632,
    "sharpe_ratio": 0.32053828364275117,
    "max_drawdown": 0.1263965113135291,
    "total_trades": 164,
    "win_rate": 0.475,
    "error": null
  },
  "timestamp": "20260319_144212"
}