{
  "v42": {
    "total_return": 0.011072219696066022,
    "sharpe_ratio": 0.6844090755882836,
    "max_drawdown": 0.022449674576827807,
    "total_trades": 6,
    "win_rate": 0.6666666666666666,
    "error": null
  },
  "v43": {
    "total_return": 0.022303851694800543,
    "sharpe_ratio": 0.33718557956668815,
    "max_drawdown": 0.07250590385290571,
    "total_trades": 76,
    "win_rate": 0.5945945945945946,
    "error": null
  },
  "timestamp": "20260319_145028"
}