{
  "v42": {
    "total_return": 0.011072219696066022,
    "sharpe_ratio": 0.6844090755882836,
    "max_drawdown": 0.022449674576827807,
    "total_trades": 6,
    "win_rate": 0.6666666666666666,
    "error": null
  },
  "v43": {
    "total_return": 0.07923825746189977,
    "sharpe_ratio": 1.2413340671283972,
    "max_drawdown": 0.15427008927590807,
    "total_trades": 39,
    "win_rate": 0.5263157894736842,
    "error": null
  },
  "timestamp": "20260319_153039"
}