{
  "version": "V49",
  "initial_capital": 100000.0,
  "final_value": 96548.91328449997,
  "total_return": -0.034510867155000305,
  "max_drawdown": 0.03626107216140247,
  "sharpe_ratio": -1.5659975396926558,
  "total_trades": 78,
  "buy_trades": 39,
  "sell_trades": 39,
  "win_rate": 0.4358974358974359,
  "avg_holding_days": 3.5384615384615383,
  "total_fees": 1064.9447155,
  "invalid_stop_count": 0,
  "blacklist_blocks": 3,
  "circuit_breaker_triggers": 0,
  "profit_lock_triggers": 26,
  "trailing_stop_triggers": 0,
  "portfolio_stop_loss_triggers": 36,
  "time_lock_triggers": 0,
  "dynamic_position_triggers": 116,
  "weights_adjusted": false
}