{
  "is_metrics": {
    "annualized_return": 0.4054266748990667,
    "max_drawdown": 0.2062135179745051,
    "sharpe_ratio": 1.5757321869686738,
    "total_return": 1.25170145,
    "win_rate": 0.4679078882900539,
    "profit_factor": 1.3061491411043185,
    "final_value": 2251701.45,
    "num_trading_days": 601,
    "num_trades": 4082,
    "avg_daily_turnover": 736.9094009983361,
    "total_transaction_cost": 442882.55,
    "cost_ratio": 0.44288255,
    "volatility": 0.21125658599723734,
    "stop_loss_count": 0,
    "stop_loss_missed_opportunities": 0
  },
  "oos_metrics": {
    "annualized_return": 0.07602880307917737,
    "max_drawdown": 0.07209284148950112,
    "sharpe_ratio": 0.35732920317474004,
    "total_return": 0.04975909449999943,
    "win_rate": 0.4404655326768129,
    "profit_factor": 1.0643973799871076,
    "final_value": 1049759.0944999994,
    "num_trading_days": 167,
    "num_trades": 1117,
    "avg_daily_turnover": 493.8736856287426,
    "total_transaction_cost": 82476.90550000001,
    "cost_ratio": 0.0824769055,
    "volatility": 0.15635223835235948,
    "stop_loss_count": 0,
    "stop_loss_missed_opportunities": 0
  },
  "sharpe_decay": 0.22677026345584442,
  "return_decay": 0.187527875658663,
  "overfitting_status": "\u4e25\u91cd\u8fc7\u62df\u5408",
  "feature_importance": {
    "momentum_5": 35.84305214881897,
    "momentum_10": 28.71319079399109,
    "momentum_20": 25.76867800205946,
    "volatility_5": 5.990821972489357,
    "volatility_20": 60.836373046040535,
    "volume_ma_ratio_5": 16.5470639616251,
    "volume_ma_ratio_20": 44.76422290503979,
    "price_position_20": 4.069616973400116,
    "price_position_60": 40.85570469498634,
    "ma_deviation_5": 31.793447077274323,
    "ma_deviation_20": 26.425599068403244,
    "rsi_14": 21.96680210530758,
    "mfi_14": 20.212030991911888,
    "turnover_bias_20": 0.0,
    "turnover_ma_ratio": 0.0,
    "volume_price_divergence_5": 6.89583096653223,
    "volume_price_divergence_20": 31.355198189616203,
    "volume_price_correlation": 7.446347996592522,
    "smart_money_flow": 36.799859032034874,
    "volatility_contraction_10": 13.658619999885559,
    "volume_shrink_ratio": 1.8103180080652237,
    "volume_price_stable": 76.65739530324936,
    "accumulation_distribution_20": 13.890623837709427
  },
  "comparison": {
    "is_sharpe": 1.5757321869686738,
    "oos_sharpe": 0.35732920317474004,
    "is_annualized_return": 0.4054266748990667,
    "oos_annualized_return": 0.07602880307917737,
    "is_win_rate": 0.4679078882900539,
    "oos_win_rate": 0.4404655326768129,
    "is_profit_factor": 1.3061491411043185,
    "oos_profit_factor": 1.0643973799871076,
    "is_max_drawdown": 0.2062135179745051,
    "oos_max_drawdown": 0.07209284148950112,
    "is_total_return": 1.25170145,
    "oos_total_return": 0.04975909449999943,
    "is_num_trading_days": 601,
    "oos_num_trading_days": 167,
    "is_num_trades": 4082,
    "oos_num_trades": 1117
  }
}